{"cameraMode":{"drawMode":0,"name":"Shaded","section":"Shading Mode"},"sceneLighting":true,"audioPlay":false,"sceneViewState":{"m_AlwaysRefresh":false,"showFog":true,"showSkybox":true,"showFlares":true,"showImageEffects":true,"showParticleSystems":true,"showVisualEffectGraphs":true,"m_FxEnabled":true},"in2DMode":false,"pivot":{"x":241.7501678466797,"y":-181.10462951660157,"z":-0.48111099004745486},"rotation":{"x":-0.22635136544704438,"y":-0.6698999404907227,"z":0.2262907773256302,"w":-0.6698732376098633},"size":170.60665893554688,"orthographic":false}